{
	"credit": "Made with Blockbench",
	"parent": "minecraft:block/block",
	"render_type": "minecraft:cutout",
	"textures": {
		"2": "simpleradio:block/bulb",
		"3": "simpleradio:block/schematic_table_side",
		"4": "simpleradio:block/schematic_table_top",
		"particle": "simpleradio:block/bulb"
	},
	"elements": [
		{
			"name": "Cube",
			"from": [4, 5, 4],
			"to": [12, 7, 12],
			"faces": {
				"north": {"uv": [4, 2, 12, 4], "texture": "#3"},
				"east": {"uv": [4, 2, 12, 4], "texture": "#3"},
				"south": {"uv": [4, 2, 12, 4], "texture": "#3"},
				"west": {"uv": [4, 2, 12, 4], "texture": "#3"},
				"up": {"uv": [0, 0, 0, 0], "texture": "#3"},
				"down": {"uv": [4, 4, 12, 12], "texture": "#3"}
			}
		},
		{
			"name": "Cube",
			"from": [4, 0, 4],
			"to": [12, 2, 12],
			"faces": {
				"north": {"uv": [5, 14, 13, 16], "texture": "#3"},
				"east": {"uv": [6, 14, 14, 16], "texture": "#3"},
				"south": {"uv": [1, 14, 9, 16], "texture": "#3"},
				"west": {"uv": [4, 14, 12, 16], "texture": "#3"},
				"up": {"uv": [6, 5, 14, 13], "texture": "#3"},
				"down": {"uv": [6, 5, 14, 13], "texture": "#3"}
			}
		},
		{
			"name": "base",
			"from": [5, 1, 5],
			"to": [11, 6, 11],
			"faces": {
				"north": {"uv": [0, 8, 6, 13], "texture": "#3"},
				"east": {"uv": [0, 8, 6, 13], "texture": "#3"},
				"south": {"uv": [0, 8, 6, 13], "texture": "#3"},
				"west": {"uv": [0, 8, 6, 13], "texture": "#3"},
				"up": {"uv": [0, 0, 0, 0], "texture": "#3"},
				"down": {"uv": [0, 0, 0, 0], "texture": "#3"}
			}
		},
		{
			"name": "Top",
			"from": [0, 7, 0],
			"to": [16, 10, 16],
			"faces": {
				"north": {"uv": [0, 0, 16, 3], "texture": "#3"},
				"east": {"uv": [0, 0, 12, 3], "texture": "#3"},
				"south": {"uv": [0, 0, 16, 3], "texture": "#3"},
				"west": {"uv": [0, 0, 12, 3], "texture": "#3"},
				"up": {"uv": [0, 0, 16, 16], "texture": "#4"},
				"down": {"uv": [0, 16, 16, 0], "texture": "#4"}
			}
		},
		{
			"from": [4, 9, 4],
			"to": [7, 11, 7],
			"faces": {
				"north": {"uv": [7, 8, 10, 10], "texture": "#2"},
				"east": {"uv": [7, 8, 10, 10], "texture": "#2"},
				"south": {"uv": [7, 8, 10, 10], "texture": "#2"},
				"west": {"uv": [7, 8, 10, 10], "texture": "#2"},
				"up": {"uv": [8, 1, 11, 4], "texture": "#2"},
				"down": {"uv": [7, 0, 11, 4], "texture": "#2"}
			}
		},
		{
			"from": [4, 11, 5.5],
			"to": [7, 14, 5.5],
			"faces": {
				"north": {"uv": [7, 12, 10, 16], "texture": "#2"},
				"east": {"uv": [0, 0, 0, 4], "texture": "#2"},
				"south": {"uv": [7, 12, 10, 15], "texture": "#2"},
				"west": {"uv": [0, 0, 0, 4], "texture": "#2"},
				"up": {"uv": [0, 0, 3, 0], "texture": "#2"},
				"down": {"uv": [0, 0, 3, 0], "texture": "#2"}
			}
		},
		{
			"from": [9, 9, 3],
			"to": [13, 13, 12],
			"faces": {
				"north": {"uv": [0, 0, 4, 4], "texture": "#2"},
				"east": {"uv": [3, 4, 7, 12], "rotation": 270, "texture": "#2"},
				"south": {"uv": [0, 0, 4, 4], "texture": "#2"},
				"west": {"uv": [3, 4, 7, 12], "rotation": 90, "texture": "#2"},
				"up": {"uv": [0, 4, 4, 12], "rotation": 180, "texture": "#2"},
				"down": {"uv": [0, 0, 4, 9], "texture": "#2"}
			}
		},
		{
			"name": "bulb",
			"from": [3.5, 11, 3.5],
			"to": [7.5, 15, 7.5],
			"faces": {
				"north": {"uv": [12, 6, 16, 10.00001], "texture": "#2"},
				"east": {"uv": [12, 6, 16, 10.00001], "texture": "#2"},
				"south": {"uv": [12, 6, 16, 10.00001], "texture": "#2"},
				"west": {"uv": [12, 6, 16, 10.00001], "texture": "#2"},
				"up": {"uv": [12, 1, 16, 5.00001], "texture": "#2"},
				"down": {"uv": [12, 11.00001, 16, 15], "texture": "#2"}
			}
		}
	]
}