{
  "processors": [
    {
      "processor_type": "minecraft:rule",
      "rules": [
        {
          "location_predicate": {
            "predicate_type": "minecraft:block_match",
            "block": "minecraft:water"
          },
          "input_predicate": {
            "predicate_type": "minecraft:block_match",
            "block": "minecraft:dirt_path"
          },
          "output_state": {
            "Name": "minecraft:oak_slab",
            "Properties": {
              "type": "top",
              "waterlogged": "true"
            }
          }
        },
        {
          "location_predicate": {
            "predicate_type": "minecraft:always_true"
          },
          "input_predicate": {
            "predicate_type": "minecraft:random_block_match",
            "block": "minecraft:dirt_path",
            "probability": 0.8
          },
          "output_state": {
            "Name": "minecraft:grass_block",
            "Properties": {
              "snowy": "false"
            }
          }
        },
        {
          "location_predicate": {
            "predicate_type": "minecraft:block_match",
            "block": "minecraft:grass_block"
          },
          "input_predicate": {
            "predicate_type": "minecraft:random_block_match",
            "block": "minecraft:dirt_path",
            "probability": 0.5
          },
          "output_state": {
            "Name": "minecraft:mossy_cobblestone"
          }
        },
        {
          "location_predicate": {
            "predicate_type": "minecraft:block_match",
            "block": "minecraft:water"
          },
          "input_predicate": {
            "predicate_type": "minecraft:block_match",
            "block": "minecraft:grass_block"
          },
          "output_state": {
            "Name": "minecraft:water",
            "Properties": {
              "level": "0"
            }
          }
        },
        {
          "location_predicate": {
            "predicate_type": "minecraft:block_match",
            "block": "minecraft:water"
          },
          "input_predicate": {
            "predicate_type": "minecraft:block_match",
            "block": "minecraft:dirt"
          },
          "output_state": {
            "Name": "minecraft:water",
            "Properties": {
              "level": "0"
            }
          }
        }
      ]
    }
  ]
}
