{
  "pools": [
    {
      "rolls": 1,
      "entries": [
        {
          "type": "minecraft:item",
          "name": "minecraft:diamond_chestplate",
          "functions": [
            {
              "function": "minecraft:set_name",
              "name": {
                "text": "Immortal",
                "color": "#ff9ee5",
                "italic": false
              }
            },
            {
              "function": "minecraft:set_enchantments",
              "enchantments": {
                "minecraft:protection": {
                  "min": 2,
                  "max": 4
                },
                "minecraft:blast_protection": {
                  "min": 2,
                  "max": 4
                },
                "minecraft:projectile_protection": {
                  "min": 2,
                  "max": 4
                },
                "minecraft:fire_protection": {
                  "min": 2,
                  "max": 4
                }
              }
            },
            {
              "function": "minecraft:set_lore",
              "lore": [
                {
                  "text": "MobCaptains",
                  "color": "blue",
                  "italic": false
                }
              ]
            }
          ],
          "weight": 20
        },
        {
          "type": "minecraft:item",
          "name": "minecraft:bow",
          "functions": [
            {
              "function": "minecraft:set_name",
              "name": {
                "text": "Robin's Bow",
                "color": "#49db00",
                "italic": false
              }
            },
            {
              "function": "minecraft:set_enchantments",
              "enchantments": {
                "minecraft:mending": 1,
                "minecraft:infinity": 1
              }
            },
            {
              "function": "minecraft:set_lore",
              "lore": [
                {
                  "text": "MobCaptains",
                  "color": "blue",
                  "italic": false
                }
              ]
            }
          ],
          "weight": 20
        }
      ]
    }
  ]
}
